title,text
پاکستان میں مہنگائی کا نیا ریکارڈ,گزشتہ ماہ پاکستان میں مہنگائی کی شرح میں غیر معمولی اضافہ دیکھا گیا، جس سے عام آدمی کی زندگی مزید مشکل ہو گئی ہے۔ حکومت نے مہنگائی پر قابو پانے کے لیے کئی اقدامات کا اعلان کیا ہے، تاہم ماہرین کا کہنا ہے کہ ان اقدامات کے اثرات ظاہر ہونے میں کچھ وقت لگے گا۔ خوردنی اشیاء کی قیمتوں میں خاص طور پر اضافہ ہوا ہے، جس کی وجہ سے لوگ پریشان ہیں۔
نئے وزیر اعظم کا پہلا خطاب: اہم وعدے,نئے منتخب وزیر اعظم نے قوم سے اپنے پہلے خطاب میں ملک کو درپیش چیلنجز سے نمٹنے کے لیے ایک جامع روڈ میپ پیش کیا۔ انہوں نے اقتصادی استحکام، تعلیم کی بہتری اور صحت کی سہولیات کی فراہمی کو اپنی اولین ترجیحات قرار دیا۔ عوام نے ان کے وعدوں کا خیرمقدم کیا ہے اور امید ظاہر کی ہے کہ وہ ملک کو ترقی کی راہ پر گامزن کریں گے۔
تعلیم کے شعبے میں انقلابی تبدیلیاں,حکومت نے تعلیمی نظام میں بنیادی اصلاحات کا اعلان کیا ہے، جس کے تحت نصاب میں جدید تقاضوں کے مطابق تبدیلیاں لائی جائیں گی اور اساتذہ کی تربیت پر خصوصی توجہ دی جائے گی۔ ماہرین تعلیم کا کہنا ہے کہ یہ اصلاحات ملک میں شرح خواندگی بڑھانے میں مددگار ثابت ہوں گی۔ نئی پالیسی میں ڈیجیٹل تعلیم کو بھی فروغ دینے پر زور دیا گیا ہے۔
صحت کی سہولیات میں بہتری کی امید,ملک بھر میں صحت کی سہولیات کی فراہمی کو بہتر بنانے کے لیے نئے منصوبوں کا آغاز کیا گیا ہے۔ دیہی علاقوں میں ہسپتالوں کی تعمیر اور جدید طبی آلات کی فراہمی کو یقینی بنایا جا رہا ہے۔ وزیر صحت کا کہنا ہے کہ ہر شہری کو معیاری علاج فراہم کرنا حکومت کی ذمہ داری ہے۔ پرائیویٹ سیکٹر کو بھی اس شعبے میں سرمایہ کاری کی ترغیب دی جا رہی ہے۔
کرونا وائرس کی نئی لہر کا خطرہ,عالمی ادارہ صحت نے کرونا وائرس کی ایک نئی اور زیادہ تیزی سے پھیلنے والی قسم کے بارے میں خبردار کیا ہے۔ ماہرین نے عوام سے احتیاطی تدابیر پر سختی سے عمل کرنے کی اپیل کی ہے اور ماسک پہننے اور سماجی فاصلہ برقرار رکھنے پر زور دیا ہے۔ حکومت نے ویکسینیشن مہم کو مزید تیز کرنے کا فیصلہ کیا ہے۔
ماحولیاتی آلودگی کے بڑھتے ہوئے مسائل,دنیا بھر میں ماحولیاتی آلودگی کے مسائل سنگین صورت اختیار کر چکے ہیں۔ پاکستان بھی اس مسئلے سے دوچار ہے، جہاں سموگ اور صنعتی فضلے نے ماحول کو بری طرح متاثر کیا ہے۔ حکومت نے آلودگی پر قابو پانے کے لیے گرین پاکستان مہم کا آغاز کیا ہے اور درخت لگانے پر زور دیا ہے۔ عالمی برادری سے بھی مدد کی اپیل کی گئی ہے۔
کھیلوں کی دنیا میں پاکستان کا عروج,کرکٹ کے میدان میں پاکستان نے حال ہی میں کئی فتوحات حاصل کی ہیں، جس سے شائقین کرکٹ میں جوش و خروش پایا جاتا ہے۔ قومی ٹیم نے عالمی مقابلوں میں شاندار کارکردگی کا مظاہرہ کیا ہے اور دنیا کو اپنی صلاحیتوں کا لوہا منوایا ہے۔ آئندہ ورلڈ کپ میں بھی پاکستانی ٹیم سے اچھی کارکردگی کی امید ہے۔
فلسطین میں تشدد کی نئی لہر,فلسطین میں اسرائیلی فوج اور فلسطینیوں کے درمیان جھڑپوں میں شدت آ گئی ہے، جس کے نتیجے میں کئی بے گناہ افراد ہلاک اور زخمی ہوئے ہیں۔ عالمی برادری نے تشدد میں کمی لانے اور مذاکرات کے ذریعے مسئلے کا حل تلاش کرنے پر زور دیا ہے۔ اقوام متحدہ نے صورتحال پر تشویش کا اظہار کیا ہے۔
امریکی انتخابات اور عالمی سیاست,امریکی انتخابات کے نتائج نے عالمی سیاست پر گہرے اثرات مرتب کیے ہیں۔ نئے امریکی صدر کی خارجہ پالیسی کے بارے میں مختلف تجزیے کیے جا رہے ہیں۔ کچھ ماہرین کا خیال ہے کہ اس سے بین الاقوامی تعلقات میں مثبت تبدیلیاں آئیں گی، جبکہ دیگر محتاط انداز اپنائے ہوئے ہیں۔
سعودی عرب میں اقتصادی اصلاحات,سعودی عرب نے اپنی معیشت کو تیل پر انحصار سے نکالنے کے لیے متعدد اصلاحات متعارف کرائی ہیں۔ ویژن 2030 کے تحت ملک میں سیاحت، تفریح اور ٹیکنالوجی کے شعبوں کو فروغ دیا جا رہا ہے۔ ان اصلاحات کا مقصد سعودی عرب کو ایک جدید اور متنوع معیشت بنانا ہے۔
خواتین کے حقوق کے لیے نئی قانون سازی,ملک میں خواتین کے حقوق کے تحفظ اور انہیں معاشرے میں مساوی حیثیت دلانے کے لیے نئی قانون سازی کی گئی ہے۔ اس قانون کے تحت خواتین کو ہراساں کرنے اور ان کے خلاف امتیازی سلوک روا رکھنے پر سخت سزائیں دی جائیں گی۔ خواتین تنظیموں نے اس قانون کا خیرمقدم کیا ہے۔
آرٹ اور ثقافت کے فروغ کے لیے اقدامات,حکومت نے آرٹ اور ثقافت کے فروغ کے لیے کئی منصوبے شروع کیے ہیں، جن میں آرٹ گیلریوں کی تعمیر، ثقافتی میلوں کا انعقاد اور نوجوان فنکاروں کی حوصلہ افزائی شامل ہے۔ اس کا مقصد ملک کی بھرپور ثقافتی ورثے کو زندہ رکھنا اور اسے نئی نسل تک منتقل کرنا ہے۔
ملک میں سیاحت کی صنعت کا مستقبل,پاکستان میں سیاحت کی صنعت میں بے پناہ صلاحیت موجود ہے۔ حکومت نے سیاحتی مقامات کو فروغ دینے اور غیر ملکی سیاحوں کو راغب کرنے کے لیے نئی پالیسیاں متعارف کرائی ہیں۔ شمالی علاقہ جات کی خوبصورتی کو دنیا بھر میں روشناس کرایا جا رہا ہے۔ اس سے معیشت کو بھی فائدہ ہوگا۔
بجٹ 2024: عوام پر کیا اثرات مرتب ہوں گے؟,آئندہ مالی سال کے بجٹ 2024 کا اعلان کر دیا گیا ہے۔ ماہرین اقتصادیات اس بجٹ کے عوام پر مرتب ہونے والے اثرات کا جائزہ لے رہے ہیں۔ کچھ شعبوں میں ٹیکسوں میں اضافہ کیا گیا ہے، جبکہ دیگر کو رعایتیں دی گئی ہیں۔ مہنگائی میں اضافے کا خدشہ بھی ظاہر کیا جا رہا ہے۔
سائبر سیکیورٹی کے چیلنجز اور حل,جدید دور میں سائبر سیکیورٹی ایک اہم چیلنج بن چکا ہے۔ پاکستان بھی سائبر حملوں سے متاثر ہو رہا ہے۔ حکومت نے سائبر سیکیورٹی کے نظام کو مضبوط بنانے کے لیے نئے اقدامات کیے ہیں اور عوامی بیداری مہم کا آغاز کیا ہے۔ ماہرین کی رائے بھی حاصل کی جا رہی ہے۔
زراعت کے شعبے میں جدید ٹیکنالوجی,زراعت کے شعبے میں جدید ٹیکنالوجی کے استعمال سے پیداوار میں اضافہ ہو سکتا ہے۔ حکومت نے کسانوں کو جدید زرعی مشینری اور تکنیک سے آگاہ کرنے کے لیے تربیتی پروگرام شروع کیے ہیں۔ خشک سالی کے اثرات سے بچنے کے لیے بھی اقدامات کیے جا رہے ہیں۔
افغانستان میں انسانی بحران,افغانستان میں جاری انسانی بحران شدت اختیار کر گیا ہے۔ لاکھوں افراد خوراک کی کمی اور طبی سہولیات کے فقدان کا شکار ہیں۔ عالمی برادری نے افغانستان کے لیے امداد بڑھانے کی اپیل کی ہے، تاہم سیاسی عدم استحکام کی وجہ سے امدادی سرگرمیوں میں مشکلات پیش آ رہی ہیں۔
چین کی بڑھتی ہوئی عالمی طاقت,چین کی اقتصادی ترقی اور بڑھتی ہوئی عالمی طاقت نے بین الاقوامی تعلقات میں ایک نئی تبدیلی پیدا کی ہے۔ چین عالمی تجارت اور سرمایہ کاری میں ایک اہم کردار ادا کر رہا ہے۔ امریکہ اور چین کے درمیان تجارتی کشیدگی عالمی توجہ کا مرکز بنی ہوئی ہے۔
یورپی یونین اور بریتھ ایگزٹ کے بعد,یورپی یونین سے بریتھ ایگزٹ کے بعد برطانیہ کو کئی اقتصادی چیلنجز کا سامنا ہے۔ یورپی یونین اور برطانیہ کے درمیان نئے تجارتی معاہدوں پر مذاکرات جاری ہیں۔ اس صورتحال نے عالمی معیشت پر بھی اثرات مرتب کیے ہیں۔ ماہرین صورتحال کا گہرائی سے جائزہ لے رہے ہیں۔
مصوری کی دنیا کے نامور فنکار,مصوری کی دنیا میں نئے فنکار ابھر کر سامنے آ رہے ہیں، جو اپنی تخلیقی صلاحیتوں سے دنیا کو حیران کر رہے ہیں۔ جدید آرٹ کی نمائشوں کا انعقاد کیا جا رہا ہے، جس میں نوجوان فنکاروں کو اپنے کام کو پیش کرنے کا موقع مل رہا ہے۔ یہ فنکار روایتی اور جدید تکنیکوں کا امتزاج پیش کر رہے ہیں۔
